,people
0,hadley wickham
1,ian oswald
2,rebecca kelly
3,kozikov
4,tim
5,cameron
6,colin
7,bruno goncalves
8,jeff ryback
9,medici
10,emma gouillart
11,marco gorelli
12,martin
13,matt rocklin
14,christina
15,marco
16,eric snow
17,lily
18,malthus
19,nick
20,jaclyn knowles
21,liz diluzio
22,matt brems
23,wiles
24,thomas
25,jeff
26,simba
27,kearney
28,rene phillips
29,clinton
30,juanita
31,dick
32,allison
33,feroze
34,anthony shaw
35,melissa
36,kailande
37,gita van rossum
38,kimberly
39,salgado
40,mridu bhatnagar
41,wes mckinney
42,carol willing
43,james
44,ruchika
45,hugo bowne-anderson
46,holmes
47,michelle
48,gao
49,eric maher
50,cynthia
51,rebecca
52,matt
53,shelley
54,misha gorlach
55,miller
56,smith
57,reshama
58,barry raymond hedger
59,rachel catman
60,elizabeth deluzio
61,reshama shaikh
62,shailvi wakhlu
63,emily robinson
64,katie b
65,kaitaia
66,brett
67,carol
68,barbara
69,elvis
70,swasey
71,jesse moss
72,jacqueline
73,tom sargent
74,romeo
75,ali spittel
76,robertson
77,megan robertson
78,keith
79,mark
80,dave robinson
81,ashley
82,rachel
83,anthony
84,robinson
85,bartlett
86,jane
87,arthur conan
88,warby parker
89,owen
90,obama
91,rachman
92,isaack
93,luke
94,ruben
95,muller
96,matthew brems
97,coretta
98,sam bail
99,sam bell
100,capra
101,clark
102,james bourbeau
103,arouca
104,brian
105,gabrielle
106,sethupathy
107,bernie sanders
108,cat chenal
109,janine
110,eliana
111,ty shaikh
112,sherlock holmes
113,andreas mueller
114,angela bassa
115,candida
116,liz
117,gia wu
118,rashmi
119,renee
120,jack
121,adele
122,kevin
123,matti
